"ID","name","basis","coordinateUncertaintyInMeters","informationWithheld","lat","long","date","year","month","day"
"017393aa-66fc-40c8-9c0d-721094b5e057","Galax urceolata","PreservedSpecimen",4514,NA,35.23,-82.73,1981-05-02,1981,5,2
"018211d3-6c31-415b-8954-bf2e06962934","Galax urceolata","PreservedSpecimen",NA,NA,36.83,-84.33,1997-05-13,1997,5,13
"02e541f0-6844-4ca8-bc44-68efd9336cfd","Galax urceolata","PreservedSpecimen",NA,"location information not given for endangered species",35.15,-79.37,NA,NA,NA,NA
"0767e7a0-9996-410a-9894-9b6c5c63cfac","Galax urceolata","PreservedSpecimen",NA,"location information not given for endangered species",35.73,-81.9,NA,NA,NA,NA
"09d81681-42db-467d-ac3b-cabad61a0b77","Galax urceolata","PreservedSpecimen",NA,NA,36.66,-83.58,1977-05-19,1977,5,19
"0bc8567a-55d9-44be-abb3-d1ea42014838","Galax urceolata","PreservedSpecimen",1269,NA,35.94,-82.01,1958-06-17,1958,6,17
"1184f371-6a02-4f03-a40e-dbfae7668ea4","Galax urceolata","PreservedSpecimen",NA,"location information not given for endangered species",35.24,-81.27,NA,NA,NA,NA
"1ad76e06-a036-4a92-a67e-8ee44130e7dd","Galax urceolata","PreservedSpecimen",10058,NA,34.19,-84.58,1948-06-13,1948,6,13
"1d2d732d-6ffc-4dd0-be74-1eae365ff5a8","Galax urceolata","PreservedSpecimen",3036,NA,34.88,-83.02,1953-04-20,1953,4,20
"1f8210da-8719-4749-ab28-5377b8a45683","Galax urceolata","PreservedSpecimen",NA,"location information not given for endangered species",35.06,-83.19,NA,NA,NA,NA
"223565f4-9bb1-4c1d-a599-6c82eda62b37","Galax urceolata","PreservedSpecimen",NA,"location information not given for endangered species",36.4,-81.46,NA,NA,NA,NA
"2784c351-dd31-486a-906f-2b8197a7b7ab","Galax urceolata","PreservedSpecimen",NA,NA,35.02,-82.73,2003-06-11,2003,6,11
"28db60fb-bf81-476d-963b-9861faec70ff","Galax urceolata","PreservedSpecimen",NA,"location information not given for endangered species",36.44,-76.69,NA,NA,NA,NA
"2bb4a127-703f-45d0-bdc9-5a8215affcfd","Galax urceolata","PreservedSpecimen",500,NA,36.84,-84.34,1940-09-10,1940,9,10
"318bb565-8632-49bf-aedf-0c7f38ca70b3","Galax urceolata","PreservedSpecimen",70151,NA,35.56,-84.01,NA,NA,NA,NA
"31b479ef-0f86-48a4-a8b0-8807cc9923d3","Galax urceolata","PreservedSpecimen",NA,"location information not given for endangered species",35.24,-77.88,NA,NA,NA,NA
"34642f46-2ab6-49b7-8008-b1e1a26c49d7","Galax urceolata","PreservedSpecimen",NA,"location information not given for endangered species",34.75,-83.79,2014-05-31,2014,5,31
"423421b2-e633-4d3a-9d8f-0e5b436c52d6","Galax urceolata","PreservedSpecimen",2162,NA,33.61,-81.81,1971-10-09,1971,10,9
"497db17d-2fbf-4066-ae06-06f2e4a88531","Galax urceolata","PreservedSpecimen",301,NA,35.69,-82.38,1962-07-26,1962,7,26
"4c21bab1-3131-4809-83ae-60f2b0d460d6","Galax urceolata","PreservedSpecimen",NA,NA,34.68,-83.32,2015-05-19,2015,5,19
"505d1f9b-dfec-4217-85fd-3c5edb620000","Galax urceolata","PreservedSpecimen",NA,NA,37.7,-83.36,2007-05-27,2007,5,27
"55cebfc8-61f3-4bb8-8dc2-13ba9d8267b7","Galax urceolata","PreservedSpecimen",NA,NA,33.88,-85.3,2002-05-17,2002,5,17
"56996695-7fec-4a87-9f8d-5c59164f4e9f","Galax urceolata","PreservedSpecimen",3682,NA,36.12,-81.81,1938-07-06,1938,7,6
"5829f121-72b3-4eb2-aa41-f077b1335c71","Galax urceolata","PreservedSpecimen",3827,NA,37.67,-80.33,1954-05-28,1954,5,28
"5970dca2-4519-498d-8e5d-91b1d829cd85","Galax urceolata","PreservedSpecimen",111,NA,36,-83.95,1961-10-25,1961,10,25
"5c4c467c-9ed2-494d-a266-8fe0ed16cc64","Galax urceolata","PreservedSpecimen",NA,NA,35.63,-83.95,1993-06-04,1993,6,4
"5ede8f5b-5903-4a8b-8ec4-a2817718f8ae","Galax urceolata","PreservedSpecimen",NA,NA,35.06,-87.77,1999-10-27,1999,10,27
"5f708598-206f-49a2-963e-d08a98fdb4d5","Galax urceolata","PreservedSpecimen",500,NA,35.75,-82.22,1974-04-27,1974,4,27
"6042877e-7f26-4f9b-88d7-412a3a0c7bbb","Galax urceolata","PreservedSpecimen",NA,"location information not given for endangered species",36.34,-80.47,NA,NA,NA,NA
"640a9ab7-9e95-4ebb-a3c3-1a3c59b14eba","Galax urceolata","PreservedSpecimen",NA,"location information not given for endangered species",35.04,-83.19,NA,NA,NA,NA
"660ee78a-2e10-4479-8fc5-dfc28937c183","Galax urceolata","PreservedSpecimen",NA,"location information not given for endangered species",37.37,-80.52,2015-07-28,2015,7,28
"686ba833-f985-4d49-9798-954bba674a8b","Galax urceolata","PreservedSpecimen",NA,"location information not given for endangered species",37.64,-78.78,NA,NA,NA,NA
"6922faac-1bb1-4f75-a49c-a1bc5e5434de","Galax urceolata","PreservedSpecimen",NA,NA,38.9,-77.06,1989-05-26,1989,5,26
"6b966a56-11d6-4341-b53d-a22b520c75c8","Galax urceolata","PreservedSpecimen",NA,NA,34.97,-82.85,2003-06-25,2003,6,25
"6ce8ad8e-78d4-4e67-ac0b-cfbfea3a95cd","Galax urceolata","PreservedSpecimen",4731,NA,35.6,-82.29,1999-08-18,1999,8,18
"6f3b8151-b886-4774-8a6f-428a8431bfe3","Galax urceolata","PreservedSpecimen",NA,"location information not given for endangered species",36.2,-81.58,NA,NA,NA,NA
"745aa971-e8f5-454a-9a04-12e0c39889ad","Galax urceolata","PreservedSpecimen",504,NA,36.11,-83.75,1968-02-25,1968,2,25
"80a4097c-710e-42d9-8de9-675d5c5189e8","Galax urceolata","PreservedSpecimen",NA,"location information not given for endangered species",35.03,-83.44,2016-06-13,2016,6,13
"822a5e97-11c9-47aa-a63a-8eeb250b523d","Galax urceolata","PreservedSpecimen",1400,NA,34.32,-84.63,1973-03-13,1973,3,13
"88630713-c03a-4a84-b096-13b9a41f515e","Galax urceolata","PreservedSpecimen",3036,NA,35.65,-83.58,1923-05-28,1923,5,28
"8e1d692d-b2db-479f-b3d5-06d760b8a88d","Galax urceolata","PreservedSpecimen",NA,NA,33.8,-80.54,2005-10-15,2005,10,15
"925c0c38-a560-421d-95a2-7289054f4779","Galax urceolata","PreservedSpecimen",500,NA,36,-81.11,1956-05-13,1956,5,13
"9368ce29-8ed7-4cd7-abc8-c6c9ec2da645","Galax urceolata","PreservedSpecimen",2705,NA,34.23,-84.17,1947-05-30,1947,5,30
"93c348c8-ab27-4abb-896a-42681f639642","Galax urceolata","PreservedSpecimen",NA,NA,36.08,-82.57,2009-05-12,2009,5,12
"958287f8-12d6-47d7-84d0-10aac5153ac7","Galax urceolata","PreservedSpecimen",NA,"location information not given for endangered species",36.39,-80.26,NA,NA,NA,NA
"99c8ff63-b785-4fea-9360-ceec019263f6","Galax urceolata","PreservedSpecimen",NA,"location information not given for endangered species",37.37,-76.82,NA,NA,NA,NA
"99e0817f-b5c2-4294-86d2-e73bff15f89f","Galax urceolata","PreservedSpecimen",NA,"location information not given for endangered species",34.35,-78.15,NA,NA,NA,NA
"9db6cdca-9533-4d5b-a6e4-87eb01507fa5","Galax urceolata","PreservedSpecimen",905,NA,34.85,-83.8,1970-08-02,1970,8,2
"ac994e76-d422-4719-988c-028aa90afd76","Galax urceolata","PreservedSpecimen",2289,NA,36.84,-84.33,1961-08-24,1961,8,24
"b0bf13cb-28a8-4f7a-9185-d95453d05458","Galax urceolata","PreservedSpecimen",NA,"location information not given for endangered species",37.35,-80.53,2015-07-13,2015,7,13
"b3b8dd78-3437-407b-9e39-d517d443e4a7","Galax urceolata","PreservedSpecimen",15760,NA,35.67,-83.47,1932-04-25,1932,4,25
"b552bd58-6d4a-4ece-bd5b-06ea60b37d54","Galax urceolata","PreservedSpecimen",3036,NA,36.55,-84.05,1923-05-18,1923,5,18
"b5af74ab-3214-4651-9250-1c0598cbd863","Galax urceolata","PreservedSpecimen",NA,NA,33.81,-81.2,1999-10-07,1999,10,7
"baf3d957-ed3a-48cd-9f00-693b58125956","Galax urceolata","PreservedSpecimen",1807,NA,35.91,-81.89,1982-10-09,1982,10,9
"c9068db6-ba7d-4506-967a-740acbaa1f18","Galax urceolata","PreservedSpecimen",1370,NA,34.74,-83.46,1928-06-24,1928,6,24
"d0a9c4ed-a81b-436f-a311-ed5f93b7122c","Galax urceolata","PreservedSpecimen",1506,NA,38.99,-79.2,NA,NA,NA,NA
"df2b5e81-833f-4c65-849c-c3f5be0b2afd","Galax urceolata","PreservedSpecimen",NA,"location information not given for endangered species",35.73,-81.91,NA,NA,NA,NA
"e0b059a8-74ad-4c3a-a4c1-6feffa735378","Galax urceolata","PreservedSpecimen",NA,"location information not given for endangered species",35.81,-76.89,NA,NA,NA,NA
"e71f61b2-6935-404d-a3a1-fb2e454407e0","Galax urceolata","PreservedSpecimen",2499,NA,35.97,-83.9,1935-07-28,1935,7,28
"e9347dc5-a2ba-45b4-87d4-7f6aee06e7ef","Galax urceolata","PreservedSpecimen",NA,NA,35.17,-83.58,2002-10-07,2002,10,7
"ea2fe744-ad4c-4708-88f1-fa82baa85b86","Galax urceolata","PreservedSpecimen",NA,NA,36.18,-82.08,2012-08-11,2012,8,11
"ed7d66a4-7e9d-4bff-a1e0-af0aed151c21","Galax urceolata","PreservedSpecimen",NA,"location information not given for endangered species",36.4,-81.04,NA,NA,NA,NA
"ef132a9c-162b-4252-9805-771a8cb9c86e","Galax urceolata","PreservedSpecimen",NA,NA,35.64,-83.5,2009-10-07,2009,10,7
"f0623752-8b9f-4291-bbca-b321963efd24","Galax urceolata","PreservedSpecimen",1639,NA,36.41,-80.21,1981-04-14,1981,4,14
"f33205eb-a597-45f9-9a72-f953d65fda04","Galax urceolata","PreservedSpecimen",NA,NA,35.94,-82.9,2015-05-15,2015,5,15
"f40eb9f2-043c-4c3d-b528-9362e6b898f6","Galax urceolata","PreservedSpecimen",NA,"location information not given for endangered species",35.6,-81.64,NA,NA,NA,NA
"f46f178e-738b-4a39-a2dc-5d47b78209a3","Galax urceolata","PreservedSpecimen",NA,NA,35.65,-83.44,1934-07-20,1934,7,20
"f90abedd-0e2f-4ee7-b3f9-5faddabbedf6","Galax urceolata","PreservedSpecimen",NA,"location information not given for endangered species",34.96,-83.3,NA,NA,NA,NA
"f95facb5-f659-4869-ac71-8b92a1399762","Galax urceolata","PreservedSpecimen",2000,NA,35.63,-83.82,1933-05-11,1933,5,11
"ffd29cd9-6a50-4ed8-99ae-2972fc22892b","Galax urceolata","PreservedSpecimen",420,NA,35.18,-83.56,1962-08-22,1962,8,22
"3455477554","Galax urceolata","HUMAN_OBSERVATION",28620,"Coordinate uncertainty increased to 28620m to protect threatened taxon",35.9,-82.03,2022-01-01,2022,1,1
"3455740945","Galax urceolata","HUMAN_OBSERVATION",2928,NA,34.87,-84.69,2022-01-08,2022,1,8
"3455756345","Galax urceolata","HUMAN_OBSERVATION",164,NA,35.17,-83.62,2022-01-10,2022,1,10
"3455857292","Galax urceolata","HUMAN_OBSERVATION",31,NA,34.6,-85.39,2022-01-19,2022,1,19
"3456024071","Galax urceolata","HUMAN_OBSERVATION",5550,NA,35.79,-81.91,2022-01-11,2022,1,11
"3456235440","Galax urceolata","HUMAN_OBSERVATION",90,NA,33.9,-83.38,2022-01-10,2022,1,10
"3456340161","Galax urceolata","HUMAN_OBSERVATION",122,NA,35.09,-83.26,2022-01-15,2022,1,15
"3456494930","Galax urceolata","HUMAN_OBSERVATION",4,NA,35.38,-76.99,2022-01-09,2022,1,9
"3456798727","Galax urceolata","HUMAN_OBSERVATION",12,NA,35.77,-81.55,2022-01-12,2022,1,12
"3456899418","Galax urceolata","HUMAN_OBSERVATION",74,NA,34.77,-83.91,2022-01-07,2022,1,7
"3456990773","Galax urceolata","HUMAN_OBSERVATION",79,NA,35.03,-83.28,2022-01-12,2022,1,12
"3465963185","Galax urceolata","HUMAN_OBSERVATION",12,NA,35.76,-83.2,2022-01-31,2022,1,31
"3466375255","Galax urceolata","HUMAN_OBSERVATION",28706,"Coordinate uncertainty increased to 28706m at the request of the observer",35.23,-76.98,2022-01-09,2022,1,9
"3466418777","Galax urceolata","HUMAN_OBSERVATION",101,NA,35.54,-83.3,2022-01-30,2022,1,30
"3466488358","Galax urceolata","HUMAN_OBSERVATION",2174,NA,34.94,-82.89,2022-01-26,2022,1,26
"3499341634","Galax urceolata","HUMAN_OBSERVATION",NA,NA,35.66,-83.59,2022-01-19,2022,1,19
"3499572596","Galax urceolata","HUMAN_OBSERVATION",NA,NA,35.68,-83.76,2022-01-19,2022,1,19
"3705387449","Galax urceolata","HUMAN_OBSERVATION",5,NA,36.8,-80.1,2022-01-01,2022,1,1
"3705636479","Galax urceolata","HUMAN_OBSERVATION",4,NA,33.59,-85.69,2022-01-13,2022,1,13
"3705743475","Galax urceolata","HUMAN_OBSERVATION",772,NA,35.51,-83.34,2022-01-12,2022,1,12
"3712581454","Galax urceolata","HUMAN_OBSERVATION",88,NA,34.74,-83.39,2022-01-29,2022,1,29
"3499361790","Galax urceolata","HUMAN_OBSERVATION",28563,"Coordinate uncertainty increased to 28563m at the request of the observer",36.38,-81.23,2022-02-12,2022,2,12
"3499381804","Galax urceolata","HUMAN_OBSERVATION",55,NA,36.33,-84.23,2022-02-13,2022,2,13
"3499413884","Galax urceolata","HUMAN_OBSERVATION",28563,"Coordinate uncertainty increased to 28563m at the request of the observer",36.36,-81.34,2022-02-12,2022,2,12
"3499425983","Galax urceolata","HUMAN_OBSERVATION",4,NA,35.7,-83.41,2022-02-15,2022,2,15
"3499496716","Galax urceolata","HUMAN_OBSERVATION",22,NA,36.16,-81.51,2022-02-11,2022,2,11
"3698058904","Galax urceolata","HUMAN_OBSERVATION",4,NA,34.58,-84.08,2022-02-20,2022,2,20
"3698115770","Galax urceolata","HUMAN_OBSERVATION",10,NA,35.76,-83.16,2022-02-21,2022,2,21
"3698249675","Galax urceolata","HUMAN_OBSERVATION",2513,NA,35.09,-82.92,2022-02-19,2022,2,19
"3705451504","Galax urceolata","HUMAN_OBSERVATION",9,NA,36.91,-82.63,2022-02-23,2022,2,23
"3705478913","Galax urceolata","HUMAN_OBSERVATION",NA,NA,35.48,-82.34,2022-02-27,2022,2,27
"3705492493","Galax urceolata","HUMAN_OBSERVATION",7034,NA,36.7,-80.7,2022-02-22,2022,2,22
"3705496487","Galax urceolata","HUMAN_OBSERVATION",179,NA,34.69,-83.77,2022-02-21,2022,2,21
"3705723519","Galax urceolata","HUMAN_OBSERVATION",34,NA,34.82,-83.3,2022-02-23,2022,2,23
"3759207880","Galax urceolata","HUMAN_OBSERVATION",4,NA,35.6,-83.86,2022-02-14,2022,2,14
"3759874823","Galax urceolata","HUMAN_OBSERVATION",4,NA,35.68,-83.48,2022-02-15,2022,2,15
"3705572017","Galax urceolata","HUMAN_OBSERVATION",NA,NA,34.64,-84.18,2022-03-01,2022,3,1
"3712659682","Galax urceolata","HUMAN_OBSERVATION",4,NA,37.24,-80.09,2022-03-04,2022,3,4
"3712734258","Galax urceolata","HUMAN_OBSERVATION",4,NA,34.59,-84.21,2022-03-09,2022,3,9
"3743276047","Galax urceolata","HUMAN_OBSERVATION",4,NA,34.74,-83.93,2022-03-08,2022,3,8
"3746957800","Galax urceolata","HUMAN_OBSERVATION",NA,NA,37.98,-80.95,2022-03-19,2022,3,19
"3746993203","Galax urceolata","HUMAN_OBSERVATION",28592,"Coordinate uncertainty increased to 28592m to protect threatened taxon",36.13,-81.63,2022-03-22,2022,3,22
"3746999665","Galax urceolata","HUMAN_OBSERVATION",NA,NA,35.7,-83.12,2022-03-17,2022,3,17
"3747007741","Galax urceolata","HUMAN_OBSERVATION",4,NA,35.08,-82.6,2022-03-20,2022,3,20
"3747009504","Galax urceolata","HUMAN_OBSERVATION",5222,NA,33.74,-84.69,2022-03-06,2022,3,6
"3747023743","Galax urceolata","HUMAN_OBSERVATION",4,NA,34.37,-85.63,2022-03-19,2022,3,19
"3747024807","Galax urceolata","HUMAN_OBSERVATION",3228,NA,35.07,-82.61,2022-03-20,2022,3,20
"3747085500","Galax urceolata","HUMAN_OBSERVATION",28649,"Coordinate uncertainty increased to 28649m to protect threatened taxon",35.63,-82.24,2022-03-08,2022,3,8
"3747089013","Galax urceolata","HUMAN_OBSERVATION",46,NA,35.03,-82.7,2022-03-21,2022,3,21
"3747105777","Galax urceolata","HUMAN_OBSERVATION",28706,"Coordinate uncertainty increased to 28706m to protect threatened taxon",35.31,-82.83,2022-03-19,2022,3,19
"3747159713","Galax urceolata","HUMAN_OBSERVATION",4,NA,35.16,-82.75,2022-03-04,2022,3,4
"3747190875","Galax urceolata","HUMAN_OBSERVATION",28534,"Coordinate uncertainty increased to 28534m to protect threatened taxon",36.49,-81.16,2022-03-20,2022,3,20
"3747222195","Galax urceolata","HUMAN_OBSERVATION",NA,NA,35.48,-82.61,2022-03-22,2022,3,22
"3759102805","Galax urceolata","HUMAN_OBSERVATION",4,NA,34.8,-83.13,2022-03-05,2022,3,5
"3759127159","Galax urceolata","HUMAN_OBSERVATION",4,NA,35.62,-83.78,2022-03-26,2022,3,26
"3759194256","Galax urceolata","HUMAN_OBSERVATION",10,NA,36.41,-81.47,2022-03-22,2022,3,22
"3759194867","Galax urceolata","HUMAN_OBSERVATION",59,NA,36.39,-80.27,2022-03-25,2022,3,25
"3759308328","Galax urceolata","HUMAN_OBSERVATION",NA,NA,35.67,-83.66,2022-03-28,2022,3,28
"3759506253","Galax urceolata","HUMAN_OBSERVATION",449,NA,36.33,-84.22,2022-03-28,2022,3,28
"3759623279","Galax urceolata","HUMAN_OBSERVATION",NA,NA,35.65,-83.91,2022-03-28,2022,3,28
"3759647067","Galax urceolata","HUMAN_OBSERVATION",5,NA,35.28,-82.79,2022-03-26,2022,3,26
"3764337431","Galax urceolata","HUMAN_OBSERVATION",41,NA,35.97,-81.51,2022-03-11,2022,3,11
"3759243833","Galax urceolata","HUMAN_OBSERVATION",10,NA,35.32,-82.85,2022-04-03,2022,4,3
"3759262715","Galax urceolata","HUMAN_OBSERVATION",5,NA,37.08,-79.94,2022-04-02,2022,4,2
"3759305213","Galax urceolata","HUMAN_OBSERVATION",8,NA,36.79,-82.71,2022-04-16,2022,4,16
"3759488386","Galax urceolata","HUMAN_OBSERVATION",28957,"Coordinate uncertainty increased to 28957m at the request of the observer",33.5,-85.87,2022-04-15,2022,4,15
"3759557599","Galax urceolata","HUMAN_OBSERVATION",NA,NA,34.67,-84.17,2022-04-10,2022,4,10
"3759766751","Galax urceolata","HUMAN_OBSERVATION",30,NA,35.46,-82.32,2022-04-12,2022,4,12
"3759766782","Galax urceolata","HUMAN_OBSERVATION",192,NA,34.55,-84.25,2022-04-08,2022,4,8
"3759792508","Galax urceolata","HUMAN_OBSERVATION",3,NA,34.75,-83.48,2022-04-18,2022,4,18
"3759959180","Galax urceolata","HUMAN_OBSERVATION",NA,NA,36.42,-80.27,2022-04-07,2022,4,7
"3759968793","Galax urceolata","HUMAN_OBSERVATION",28592,"Coordinate uncertainty increased to 28592m to protect threatened taxon",36.03,-81.68,2022-04-02,2022,4,2
"3759968973","Galax urceolata","HUMAN_OBSERVATION",28677,"Coordinate uncertainty increased to 28677m to protect threatened taxon",35.46,-82.72,2022-04-01,2022,4,1
"3760081696","Galax urceolata","HUMAN_OBSERVATION",NA,NA,35.88,-81.89,2022-04-08,2022,4,8
"3760106665","Galax urceolata","HUMAN_OBSERVATION",28762,"Coordinate uncertainty increased to 28762m at the request of the observer",34.93,-84.53,2022-04-20,2022,4,20
"3760194151","Galax urceolata","HUMAN_OBSERVATION",10,NA,36.07,-82.68,2022-04-07,2022,4,7
"3760206713","Galax urceolata","HUMAN_OBSERVATION",3029,NA,35.46,-82.58,2022-04-01,2022,4,1
"3760243390","Galax urceolata","HUMAN_OBSERVATION",5,NA,35.2,-82.62,2022-04-17,2022,4,17
"3760261974","Galax urceolata","HUMAN_OBSERVATION",193,NA,35.81,-82.21,2022-04-02,2022,4,2
"3764127247","Galax urceolata","HUMAN_OBSERVATION",130,NA,34.84,-84.47,2022-04-24,2022,4,24
"3764129444","Galax urceolata","HUMAN_OBSERVATION",4,NA,36.86,-84.3,2022-04-13,2022,4,13
"3764141495","Galax urceolata","HUMAN_OBSERVATION",4,NA,34.96,-82.85,2022-04-21,2022,4,21
"3764233898","Galax urceolata","HUMAN_OBSERVATION",10,NA,34.74,-83.94,2022-04-24,2022,4,24
"3764478088","Galax urceolata","HUMAN_OBSERVATION",9,NA,35.2,-82.5,2022-04-26,2022,4,26
"3017990271","Galax urceolata","HUMAN_OBSERVATION",4,NA,35.16,-83.53,2021-01-07,2021,1,7
"3031863220","Galax urceolata","HUMAN_OBSERVATION",4,NA,35.59,-82.3,2021-01-02,2021,1,2
"3031922833","Galax urceolata","HUMAN_OBSERVATION",4827,NA,35.69,-83.5,2021-01-26,2021,1,26
"3031932069","Galax urceolata","HUMAN_OBSERVATION",28620,"Coordinate uncertainty increased to 28620m at the request of the observer",35.85,-81.9,2021-01-11,2021,1,11
"3031960178","Galax urceolata","HUMAN_OBSERVATION",4,NA,35.05,-82.81,2021-01-02,2021,1,2
"3032042440","Galax urceolata","HUMAN_OBSERVATION",9,NA,35.22,-82.74,2021-01-21,2021,1,21
"3032080201","Galax urceolata","HUMAN_OBSERVATION",756,NA,32.84,-84.82,2021-01-18,2021,1,18
"3039168811","Galax urceolata","HUMAN_OBSERVATION",3637,NA,35.89,-83.13,2021-01-23,2021,1,23
"3039375985","Galax urceolata","HUMAN_OBSERVATION",20,NA,37.58,-79.48,2021-01-30,2021,1,30
"3039381126","Galax urceolata","HUMAN_OBSERVATION",NA,NA,34.5,-84.3,2021-01-30,2021,1,30
"3039454095","Galax urceolata","HUMAN_OBSERVATION",18,NA,35.5,-82.48,2021-01-26,2021,1,26
"3314503391","Galax urceolata","HUMAN_OBSERVATION",28592,"Coordinate uncertainty increased to 28592m to protect threatened taxon",36.09,-81.95,2021-01-22,2021,1,22
"3039219950","Galax urceolata","HUMAN_OBSERVATION",21,NA,37.34,-79.89,2021-02-09,2021,2,9
"3039315640","Galax urceolata","HUMAN_OBSERVATION",191,NA,36.85,-84.33,2021-02-04,2021,2,4
"3039337689","Galax urceolata","HUMAN_OBSERVATION",28706,"Coordinate uncertainty increased to 28706m to protect threatened taxon",35.2,-82.82,2021-02-06,2021,2,6
"3039343582","Galax urceolata","HUMAN_OBSERVATION",28902,"Coordinate uncertainty increased to 28902m at the request of the observer",34,-84.41,2021-02-05,2021,2,5
"3039419461","Galax urceolata","HUMAN_OBSERVATION",8,NA,35.5,-82.6,2021-02-04,2021,2,4
"3039441639","Galax urceolata","HUMAN_OBSERVATION",370,NA,36.07,-79.12,2021-02-06,2021,2,6
"3044625180","Galax urceolata","HUMAN_OBSERVATION",NA,NA,35.36,-83.93,2021-02-14,2021,2,14
"3044678875","Galax urceolata","HUMAN_OBSERVATION",28677,"Coordinate uncertainty increased to 28677m to protect threatened taxon",35.49,-82.44,2021-02-21,2021,2,21
"3044688758","Galax urceolata","HUMAN_OBSERVATION",5,NA,35.19,-82.62,2021-02-21,2021,2,21
"3044722260","Galax urceolata","HUMAN_OBSERVATION",10,NA,35.18,-82.7,2021-02-15,2021,2,15
"3044729798","Galax urceolata","HUMAN_OBSERVATION",255,NA,35.35,-82.54,2021-02-21,2021,2,21
"3044739041","Galax urceolata","HUMAN_OBSERVATION",643,NA,37.21,-80.34,2021-02-24,2021,2,24
"3044816216","Galax urceolata","HUMAN_OBSERVATION",23,NA,37.23,-80.09,2021-02-24,2021,2,24
"3044953105","Galax urceolata","HUMAN_OBSERVATION",NA,NA,35.16,-83,2021-02-24,2021,2,24
"3058715192","Galax urceolata","HUMAN_OBSERVATION",86,NA,35.76,-83.22,2021-02-28,2021,2,28
"3090531981","Galax urceolata","HUMAN_OBSERVATION",4,NA,34.65,-85.39,2021-02-21,2021,2,21
"3058761131","Galax urceolata","HUMAN_OBSERVATION",40,NA,34.66,-84.06,2021-03-02,2021,3,2
"3058830021","Galax urceolata","HUMAN_OBSERVATION",142,NA,35.15,-82.74,2021-03-04,2021,3,4
"3058869236","Galax urceolata","HUMAN_OBSERVATION",5,NA,34.17,-84.74,2021-03-05,2021,3,5
"3058923210","Galax urceolata","HUMAN_OBSERVATION",3200,NA,36.51,-82.6,2021-03-07,2021,3,7
"3058971324","Galax urceolata","HUMAN_OBSERVATION",5,NA,33.47,-85.81,2021-03-06,2021,3,6
"3059111029","Galax urceolata","HUMAN_OBSERVATION",4,NA,35.22,-82.57,2021-03-04,2021,3,4
"3059154696","Galax urceolata","HUMAN_OBSERVATION",1785,NA,34.79,-83.81,2021-03-01,2021,3,1
"3061563612","Galax urceolata","HUMAN_OBSERVATION",727,NA,35.6,-81.63,2021-03-12,2021,3,12
"3061581557","Galax urceolata","HUMAN_OBSERVATION",5963,NA,34.95,-82.97,2021-03-10,2021,3,10
"3061609832","Galax urceolata","HUMAN_OBSERVATION",7535,NA,36.52,-82.62,2021-03-10,2021,3,10
"3061702501","Galax urceolata","HUMAN_OBSERVATION",28706,"Coordinate uncertainty increased to 28706m at the request of the observer",35.34,-82.65,2021-03-09,2021,3,9
"3061722198","Galax urceolata","HUMAN_OBSERVATION",194,NA,35.58,-82.49,2021-03-08,2021,3,8
"3061756140","Galax urceolata","HUMAN_OBSERVATION",382,NA,36.63,-81.73,2021-03-14,2021,3,14
"3067882161","Galax urceolata","HUMAN_OBSERVATION",39,NA,34.73,-83.93,2021-03-01,2021,3,1
"3067882645","Galax urceolata","HUMAN_OBSERVATION",NA,NA,37.28,-80.45,2021-03-20,2021,3,20
"3067947674","Galax urceolata","HUMAN_OBSERVATION",3,NA,35.09,-83.23,2021-03-23,2021,3,23
"3067993241","Galax urceolata","HUMAN_OBSERVATION",190,NA,36.41,-80.25,2021-03-20,2021,3,20
"3068024804","Galax urceolata","HUMAN_OBSERVATION",31,NA,35.93,-81.92,2021-03-20,2021,3,20
"3070389750","Galax urceolata","HUMAN_OBSERVATION",4,NA,35.59,-83.85,2021-03-27,2021,3,27
"3070450855","Galax urceolata","HUMAN_OBSERVATION",61,NA,35.55,-83.13,2021-03-23,2021,3,23
"3070645972","Galax urceolata","HUMAN_OBSERVATION",28592,"Coordinate uncertainty increased to 28592m at the request of the observer",36.1,-82.31,2021-03-27,2021,3,27
"3079504200","Galax urceolata","HUMAN_OBSERVATION",28592,"Coordinate uncertainty increased to 28592m to protect threatened taxon",36.04,-81.64,2021-03-30,2021,3,30
"3113561452","Galax urceolata","HUMAN_OBSERVATION",193,NA,35.9,-81.89,2021-03-29,2021,3,29
"3118397429","Galax urceolata","HUMAN_OBSERVATION",NA,NA,37.37,-80.51,2021-03-21,2021,3,21
"3301814508","Galax urceolata","HUMAN_OBSERVATION",8,NA,34.95,-82.39,2021-03-17,2021,3,17
"3301815498","Galax urceolata","HUMAN_OBSERVATION",294,NA,37.59,-79.38,2021-03-06,2021,3,6
"3301821515","Galax urceolata","HUMAN_OBSERVATION",42,NA,36.99,-80.56,2021-03-23,2021,3,23
"3301891516","Galax urceolata","HUMAN_OBSERVATION",10,NA,34.94,-82.88,2021-03-13,2021,3,13
"3301902485","Galax urceolata","HUMAN_OBSERVATION",28706,"Coordinate uncertainty increased to 28706m to protect threatened taxon",35.36,-82.72,2021-03-12,2021,3,12
"3301923486","Galax urceolata","HUMAN_OBSERVATION",7,NA,35.11,-84.62,2021-03-30,2021,3,30
"3301981499","Galax urceolata","HUMAN_OBSERVATION",546,NA,34.94,-83.11,2021-03-10,2021,3,10
"3302019453","Galax urceolata","HUMAN_OBSERVATION",6,NA,35.08,-83.53,2021-03-21,2021,3,21
"3302199504","Galax urceolata","HUMAN_OBSERVATION",17,NA,37.37,-80.58,2021-03-29,2021,3,29
"3302235499","Galax urceolata","HUMAN_OBSERVATION",NA,NA,35.31,-82.45,2021-03-09,2021,3,9
"3302246511","Galax urceolata","HUMAN_OBSERVATION",5,NA,36.88,-81.51,2021-03-22,2021,3,22
"3302262515","Galax urceolata","HUMAN_OBSERVATION",28534,"Coordinate uncertainty increased to 28534m at the request of the observer",36.51,-83.2,2021-03-20,2021,3,20
"3302339495","Galax urceolata","HUMAN_OBSERVATION",4,NA,36.4,-80.28,2021-03-13,2021,3,13
"3302394502","Galax urceolata","HUMAN_OBSERVATION",28417,"Coordinate uncertainty increased to 28417m at the request of the observer",37.34,-80.53,2021-03-28,2021,3,28
"3302428542","Galax urceolata","HUMAN_OBSERVATION",NA,NA,34.74,-83.97,2021-03-24,2021,3,24
"3302481493","Galax urceolata","HUMAN_OBSERVATION",4,NA,37.3,-80.79,2021-03-26,2021,3,26
"3302510476","Galax urceolata","HUMAN_OBSERVATION",28359,"Coordinate uncertainty increased to 28359m at the request of the observer",37.68,-81.13,2021-03-27,2021,3,27
"3383853606","Galax urceolata","HUMAN_OBSERVATION",4663,NA,35.11,-82.66,2021-03-20,2021,3,20
"3383923615","Galax urceolata","HUMAN_OBSERVATION",26,NA,36.38,-80.72,2021-03-12,2021,3,12
"3415772514","Galax urceolata","HUMAN_OBSERVATION",45,NA,34.8,-83.68,2021-03-14,2021,3,14
"3415910519","Galax urceolata","HUMAN_OBSERVATION",5932,NA,36.11,-81.81,2021-03-27,2021,3,27
"3079590541","Galax urceolata","HUMAN_OBSERVATION",100,NA,35.33,-83.6,2021-04-03,2021,4,3
"3079907063","Galax urceolata","HUMAN_OBSERVATION",10000,NA,34.81,-83.41,2021-04-05,2021,4,5
"3090543180","Galax urceolata","HUMAN_OBSERVATION",NA,NA,35.47,-82.63,2021-04-08,2021,4,8
"3090687937","Galax urceolata","HUMAN_OBSERVATION",11,NA,35.62,-83.66,2021-04-12,2021,4,12
"3090748446","Galax urceolata","HUMAN_OBSERVATION",10,NA,36.5,-82.62,2021-04-09,2021,4,9
"3090892487","Galax urceolata","HUMAN_OBSERVATION",NA,NA,36.9,-84.28,2021-04-11,2021,4,11
"3096995071","Galax urceolata","HUMAN_OBSERVATION",1958,NA,35.36,-82.77,2021-04-18,2021,4,18
"3097076558","Galax urceolata","HUMAN_OBSERVATION",9,NA,35.64,-82.29,2021-04-02,2021,4,2
"3097084935","Galax urceolata","HUMAN_OBSERVATION",28734,"Coordinate uncertainty increased to 28734m at the request of the observer",35.02,-82.76,2021-04-17,2021,4,17
"3097087131","Galax urceolata","HUMAN_OBSERVATION",NA,NA,34.76,-83.94,2021-04-18,2021,4,18
"3097095862","Galax urceolata","HUMAN_OBSERVATION",28649,"Coordinate uncertainty increased to 28649m to protect threatened taxon",35.72,-82.59,2021-04-17,2021,4,17
"3097159044","Galax urceolata","HUMAN_OBSERVATION",894,NA,35.08,-83.13,2021-04-18,2021,4,18
"3097293556","Galax urceolata","HUMAN_OBSERVATION",10,NA,34.97,-83.12,2021-04-11,2021,4,11
"3097311947","Galax urceolata","HUMAN_OBSERVATION",28734,"Coordinate uncertainty increased to 28734m at the request of the observer",35.03,-82.64,2021-04-17,2021,4,17
"3097350368","Galax urceolata","HUMAN_OBSERVATION",4,NA,35.17,-82.64,2021-04-20,2021,4,20
"3097381385","Galax urceolata","HUMAN_OBSERVATION",28620,"Coordinate uncertainty increased to 28620m to protect threatened taxon",35.84,-81.81,2021-04-19,2021,4,19
"3108988071","Galax urceolata","HUMAN_OBSERVATION",NA,NA,34.64,-84.19,2021-04-25,2021,4,25
"3109187936","Galax urceolata","HUMAN_OBSERVATION",194,NA,37.37,-80.16,2021-04-25,2021,4,25
"3109346558","Galax urceolata","HUMAN_OBSERVATION",28649,"Coordinate uncertainty increased to 28649m to protect threatened taxon",35.65,-82.38,2021-04-29,2021,4,29
"3112335884","Galax urceolata","HUMAN_OBSERVATION",16,NA,35.95,-82.9,2021-04-30,2021,4,30
"3112585717","Galax urceolata","HUMAN_OBSERVATION",3,NA,35.41,-83.5,2021-04-30,2021,4,30
"3112587829","Galax urceolata","HUMAN_OBSERVATION",4,NA,35.62,-82.38,2021-04-30,2021,4,30
"3112632921","Galax urceolata","HUMAN_OBSERVATION",28677,"Coordinate uncertainty increased to 28677m to protect threatened taxon",35.4,-83.02,2021-04-25,2021,4,25
"3113296445","Galax urceolata","HUMAN_OBSERVATION",1445,NA,35.66,-81.42,2021-04-03,2021,4,3
"3113303433","Galax urceolata","HUMAN_OBSERVATION",NA,NA,35.25,-83.57,2021-04-09,2021,4,9
"3113305462","Galax urceolata","HUMAN_OBSERVATION",11929,NA,35.62,-83.09,2021-04-21,2021,4,21
"3113310471","Galax urceolata","HUMAN_OBSERVATION",5,NA,36.09,-81.83,2021-04-20,2021,4,20
"3113318831","Galax urceolata","HUMAN_OBSERVATION",NA,NA,34.86,-83.1,2021-04-13,2021,4,13
"3113329426","Galax urceolata","HUMAN_OBSERVATION",28706,"Coordinate uncertainty increased to 28706m to protect threatened taxon",35.36,-82.85,2021-04-19,2021,4,19
"3113352465","Galax urceolata","HUMAN_OBSERVATION",28734,"Coordinate uncertainty increased to 28734m at the request of the observer",35.15,-82.62,2021-04-17,2021,4,17
"3113414464","Galax urceolata","HUMAN_OBSERVATION",28592,"Coordinate uncertainty increased to 28592m at the request of the observer",36.17,-82.48,2021-04-25,2021,4,25
"3113564428","Galax urceolata","HUMAN_OBSERVATION",28592,"Coordinate uncertainty increased to 28592m to protect threatened taxon",36.19,-81.79,2021-04-06,2021,4,6
"3301781488","Galax urceolata","HUMAN_OBSERVATION",NA,NA,37.14,-81.13,2021-04-09,2021,4,9
"3301788530","Galax urceolata","HUMAN_OBSERVATION",9,NA,34.94,-83.09,2021-04-25,2021,4,25
"3301863480","Galax urceolata","HUMAN_OBSERVATION",5,NA,35.64,-82.31,2021-04-12,2021,4,12
"3301907490","Galax urceolata","HUMAN_OBSERVATION",44,NA,35.65,-80.94,2021-04-03,2021,4,3
"3301984536","Galax urceolata","HUMAN_OBSERVATION",5,NA,35.63,-83.72,2021-04-25,2021,4,25
"3301985542","Galax urceolata","HUMAN_OBSERVATION",28592,"Coordinate uncertainty increased to 28592m to protect threatened taxon",36.13,-81.65,2021-04-15,2021,4,15
"3302024496","Galax urceolata","HUMAN_OBSERVATION",1481,NA,37.64,-79.47,2021-04-04,2021,4,4
"3302100543","Galax urceolata","HUMAN_OBSERVATION",4,NA,35.65,-82.31,2021-04-17,2021,4,17
"3302193511","Galax urceolata","HUMAN_OBSERVATION",15,NA,35.61,-82.45,2021-04-17,2021,4,17
"3302203525","Galax urceolata","HUMAN_OBSERVATION",4,NA,35.66,-82.29,2021-04-20,2021,4,20
"3302235540","Galax urceolata","HUMAN_OBSERVATION",491,NA,34.94,-83.1,2021-04-24,2021,4,24
"3302313502","Galax urceolata","HUMAN_OBSERVATION",4,NA,38.38,-78.5,2021-04-03,2021,4,3
"3302378557","Galax urceolata","HUMAN_OBSERVATION",4,NA,34.6,-84.22,2021-04-16,2021,4,16
"3302392502","Galax urceolata","HUMAN_OBSERVATION",4,NA,35.89,-81.88,2021-04-07,2021,4,7
"3302412529","Galax urceolata","HUMAN_OBSERVATION",1595,NA,35.68,-83.49,2021-04-26,2021,4,26
"3112407603","Galax urceolata","HUMAN_OBSERVATION",10,NA,36.27,-82.13,2021-05-01,2021,5,1
"3112460019","Galax urceolata","HUMAN_OBSERVATION",440,NA,35.49,-82.61,2021-05-03,2021,5,3
"3112875513","Galax urceolata","HUMAN_OBSERVATION",15,NA,36.14,-81.22,2021-05-03,2021,5,3
"3113271136","Galax urceolata","HUMAN_OBSERVATION",2700,NA,35.47,-82.34,2021-05-09,2021,5,9
"3113305043","Galax urceolata","HUMAN_OBSERVATION",1,NA,36.1,-81.77,2021-05-08,2021,5,8
"3113318940","Galax urceolata","HUMAN_OBSERVATION",20,NA,35.77,-83.27,2021-05-02,2021,5,2
"3113340884","Galax urceolata","HUMAN_OBSERVATION",56,NA,35.08,-82.58,2021-05-08,2021,5,8
"3113360538","Galax urceolata","HUMAN_OBSERVATION",65,NA,35.58,-82.31,2021-05-02,2021,5,2
"3113361853","Galax urceolata","HUMAN_OBSERVATION",28677,"Coordinate uncertainty increased to 28677m to protect threatened taxon",35.5,-82.78,2021-05-10,2021,5,10
"3113462189","Galax urceolata","HUMAN_OBSERVATION",76,NA,35.09,-82.97,2021-05-09,2021,5,9
"3113471561","Galax urceolata","HUMAN_OBSERVATION",16,NA,35.53,-82.93,2021-05-04,2021,5,4
"3113493576","Galax urceolata","HUMAN_OBSERVATION",5,NA,35.69,-83.4,2021-05-11,2021,5,11
"3113500105","Galax urceolata","HUMAN_OBSERVATION",10,NA,35.35,-82.78,2021-05-09,2021,5,9
"3113681800","Galax urceolata","HUMAN_OBSERVATION",28563,"Coordinate uncertainty increased to 28563m to protect threatened taxon",36.25,-81.42,2021-05-13,2021,5,13
"3113696503","Galax urceolata","HUMAN_OBSERVATION",182,NA,34.49,-85.62,2021-05-08,2021,5,8
"3113705448","Galax urceolata","HUMAN_OBSERVATION",28563,"Coordinate uncertainty increased to 28563m at the request of the observer",36.34,-81.42,2021-05-10,2021,5,10
"3117752934","Galax urceolata","HUMAN_OBSERVATION",13,NA,35.75,-83.27,2021-05-15,2021,5,15
"3117778972","Galax urceolata","HUMAN_OBSERVATION",22,NA,34.56,-84.25,2021-05-15,2021,5,15
"3117786065","Galax urceolata","HUMAN_OBSERVATION",65,NA,35.46,-82.49,2021-05-16,2021,5,16
"3117804777","Galax urceolata","HUMAN_OBSERVATION",2163,NA,35.16,-82.72,2021-05-13,2021,5,13
"3117828685","Galax urceolata","HUMAN_OBSERVATION",15,NA,35.68,-83.65,2021-05-14,2021,5,14
"3117850939","Galax urceolata","HUMAN_OBSERVATION",5,NA,35.3,-84.33,2021-05-15,2021,5,15
"3117873284","Galax urceolata","HUMAN_OBSERVATION",10,NA,37.39,-79.99,2021-05-16,2021,5,16
"3118234486","Galax urceolata","HUMAN_OBSERVATION",7,NA,33.42,-85.83,2021-05-18,2021,5,18
"3118265912","Galax urceolata","HUMAN_OBSERVATION",NA,NA,34.86,-84.42,2021-05-15,2021,5,15
"3118301556","Galax urceolata","HUMAN_OBSERVATION",5,NA,36.51,-82.62,2021-05-09,2021,5,9
"3118302902","Galax urceolata","HUMAN_OBSERVATION",9,NA,33.94,-84.44,2021-05-15,2021,5,15
"3118309765","Galax urceolata","HUMAN_OBSERVATION",539,NA,36.27,-82.36,2021-05-20,2021,5,20
"3118330167","Galax urceolata","HUMAN_OBSERVATION",9,NA,36.88,-76.1,2021-05-16,2021,5,16
"3118335114","Galax urceolata","HUMAN_OBSERVATION",2064,NA,36.34,-80.48,2021-05-15,2021,5,15
"3118350636","Galax urceolata","HUMAN_OBSERVATION",2771,NA,35.27,-82.73,2021-05-19,2021,5,19
"3118420334","Galax urceolata","HUMAN_OBSERVATION",28592,"Coordinate uncertainty increased to 28592m at the request of the observer",36.17,-81.87,2021-05-12,2021,5,12
"3118421606","Galax urceolata","HUMAN_OBSERVATION",69,NA,34.74,-83.92,2021-05-19,2021,5,19
"3118449647","Galax urceolata","HUMAN_OBSERVATION",28677,"Coordinate uncertainty increased to 28677m to protect threatened taxon",35.46,-82.59,2021-05-19,2021,5,19
"3124517157","Galax urceolata","HUMAN_OBSERVATION",48,NA,34.52,-84.35,2021-05-22,2021,5,22
"3124519964","Galax urceolata","HUMAN_OBSERVATION",603,NA,37.46,-79.76,2021-05-22,2021,5,22
"3124581717","Galax urceolata","HUMAN_OBSERVATION",27,NA,34.7,-83.79,2021-05-21,2021,5,21
"3124601891","Galax urceolata","HUMAN_OBSERVATION",30,NA,35.64,-81.75,2021-05-22,2021,5,22
"3124647818","Galax urceolata","HUMAN_OBSERVATION",NA,NA,36.89,-76.17,2021-05-20,2021,5,20
"3124657360","Galax urceolata","HUMAN_OBSERVATION",NA,NA,37.6,-79.4,2021-05-22,2021,5,22
"3124706919","Galax urceolata","HUMAN_OBSERVATION",65,NA,34.5,-85.62,2021-05-22,2021,5,22
"3124756682","Galax urceolata","HUMAN_OBSERVATION",950,NA,34.94,-84.66,2021-05-15,2021,5,15
"3124776317","Galax urceolata","HUMAN_OBSERVATION",NA,NA,34.59,-84.22,2021-05-14,2021,5,14
"3124892887","Galax urceolata","HUMAN_OBSERVATION",NA,NA,34.47,-84.32,2021-05-26,2021,5,26
"3301782026","Galax urceolata","HUMAN_OBSERVATION",994,NA,36.15,-81.8,2021-05-30,2021,5,30
"3301784781","Galax urceolata","HUMAN_OBSERVATION",28505,"Coordinate uncertainty increased to 28505m at the request of the observer",36.76,-80.67,2021-05-29,2021,5,29
"3301786858","Galax urceolata","HUMAN_OBSERVATION",11,NA,36.86,-83.38,2021-05-29,2021,5,29
"3301789290","Galax urceolata","HUMAN_OBSERVATION",10,NA,35.7,-82.22,2021-05-30,2021,5,30
"3301805616","Galax urceolata","HUMAN_OBSERVATION",61,NA,37.46,-80.44,2021-05-11,2021,5,11
"3301816665","Galax urceolata","HUMAN_OBSERVATION",31,NA,34.81,-83.29,2021-05-14,2021,5,14
"3301824709","Galax urceolata","HUMAN_OBSERVATION",8,NA,34.39,-85.63,2021-05-16,2021,5,16
"3301824799","Galax urceolata","HUMAN_OBSERVATION",10,NA,36.15,-81.81,2021-05-21,2021,5,21
"3301829438","Galax urceolata","HUMAN_OBSERVATION",6,NA,36.09,-81.84,2021-05-31,2021,5,31
"3301835687","Galax urceolata","HUMAN_OBSERVATION",1883,NA,35.67,-83.6,2021-05-20,2021,5,20
"3301838743","Galax urceolata","HUMAN_OBSERVATION",1761,NA,35.71,-83.65,2021-05-24,2021,5,24
"3301841607","Galax urceolata","HUMAN_OBSERVATION",5,NA,35.73,-78.2,2021-05-15,2021,5,15
"3301842467","Galax urceolata","HUMAN_OBSERVATION",6,NA,35.69,-83.54,2021-05-30,2021,5,30
"3301862268","Galax urceolata","HUMAN_OBSERVATION",189,NA,35.73,-78.21,2021-05-29,2021,5,29
"3301894623","Galax urceolata","HUMAN_OBSERVATION",18,NA,34.98,-82.81,2021-05-12,2021,5,12
"3301897232","Galax urceolata","HUMAN_OBSERVATION",3,NA,35.47,-83.43,2021-05-30,2021,5,30
"3301898572","Galax urceolata","HUMAN_OBSERVATION",NA,NA,35.63,-83.73,2021-05-02,2021,5,2
"3301901675","Galax urceolata","HUMAN_OBSERVATION",41,NA,35.09,-82.62,2021-05-22,2021,5,22
"3301905638","Galax urceolata","HUMAN_OBSERVATION",193,NA,35.66,-83.72,2021-05-13,2021,5,13
"3301906053","Galax urceolata","HUMAN_OBSERVATION",10,NA,36.38,-80.28,2021-05-23,2021,5,23
"3301906745","Galax urceolata","HUMAN_OBSERVATION",913,NA,33.44,-85.82,2021-05-22,2021,5,22
"3301908759","Galax urceolata","HUMAN_OBSERVATION",5,NA,35.11,-82.63,2021-05-23,2021,5,23
"3301944570","Galax urceolata","HUMAN_OBSERVATION",61,NA,36.26,-82.36,2021-05-02,2021,5,2
"3301950585","Galax urceolata","HUMAN_OBSERVATION",11,NA,34.25,-84.14,2021-05-08,2021,5,8
"3301950622","Galax urceolata","HUMAN_OBSERVATION",NA,NA,33.42,-85.81,2021-05-14,2021,5,14
"3301955602","Galax urceolata","HUMAN_OBSERVATION",5,NA,34.01,-84.35,2021-05-11,2021,5,11
"3301979324","Galax urceolata","HUMAN_OBSERVATION",170,NA,37.71,-79.89,2021-05-29,2021,5,29
"3301984576","Galax urceolata","HUMAN_OBSERVATION",28534,"Coordinate uncertainty increased to 28534m to protect threatened taxon",36.43,-81.18,2021-05-07,2021,5,7
"3301984692","Galax urceolata","HUMAN_OBSERVATION",122,NA,35.23,-84.29,2021-05-18,2021,5,18
"3301995813","Galax urceolata","HUMAN_OBSERVATION",4,NA,35.05,-83.19,2021-05-26,2021,5,26
"3302002611","Galax urceolata","HUMAN_OBSERVATION",5,NA,35.61,-82.57,2021-05-07,2021,5,7
"3302004321","Galax urceolata","HUMAN_OBSERVATION",10,NA,35.06,-84.47,2021-05-27,2021,5,27
"3302004454","Galax urceolata","HUMAN_OBSERVATION",5,NA,35.04,-83.13,2021-05-30,2021,5,30
"3302019836","Galax urceolata","HUMAN_OBSERVATION",4,NA,35.6,-83.77,2021-05-23,2021,5,23
"3302020635","Galax urceolata","HUMAN_OBSERVATION",4553,NA,35.62,-83.11,2021-05-21,2021,5,21
"3302021636","Galax urceolata","HUMAN_OBSERVATION",4,NA,33.49,-85.81,2021-05-14,2021,5,14
"3302023584","Galax urceolata","HUMAN_OBSERVATION",567,NA,34.14,-78,2021-05-02,2021,5,2
"3302029638","Galax urceolata","HUMAN_OBSERVATION",223,NA,35.89,-82.82,2021-05-22,2021,5,22
"3302040630","Galax urceolata","HUMAN_OBSERVATION",6289,NA,34.91,-83.33,2021-05-30,2021,5,30
"3302050608","Galax urceolata","HUMAN_OBSERVATION",8,NA,35.3,-82.79,2021-05-15,2021,5,15
"3302050629","Galax urceolata","HUMAN_OBSERVATION",2500,NA,34.85,-83.07,2021-05-22,2021,5,22
"3302061736","Galax urceolata","HUMAN_OBSERVATION",403,NA,34.83,-84.59,2021-05-31,2021,5,31
"3302065385","Galax urceolata","HUMAN_OBSERVATION",600,NA,34.5,-85.63,2021-05-23,2021,5,23
"3302090827","Galax urceolata","HUMAN_OBSERVATION",4,NA,35.73,-78.78,2021-05-17,2021,5,17
"3302093223","Galax urceolata","HUMAN_OBSERVATION",193,NA,35.64,-83.74,2021-05-25,2021,5,25
"3302094638","Galax urceolata","HUMAN_OBSERVATION",5,NA,35.99,-78.93,2021-05-14,2021,5,14
"3302098673","Galax urceolata","HUMAN_OBSERVATION",5,NA,36.39,-80.28,2021-05-18,2021,5,18
"3302099758","Galax urceolata","HUMAN_OBSERVATION",19,NA,35.43,-82.25,2021-05-27,2021,5,27
"3302100764","Galax urceolata","HUMAN_OBSERVATION",977192,"Coordinate uncertainty increased to 977192m to protect threatened taxon",35.53,-82.78,2021-05-20,2021,5,20
"3302132598","Galax urceolata","HUMAN_OBSERVATION",NA,NA,36.91,-81.06,2021-05-09,2021,5,9
"3302139660","Galax urceolata","HUMAN_OBSERVATION",186,NA,35.7,-83.36,2021-05-24,2021,5,24
"3302145591","Galax urceolata","HUMAN_OBSERVATION",1597,NA,35.67,-83.79,2021-05-16,2021,5,16
"3302146620","Galax urceolata","HUMAN_OBSERVATION",192,NA,36.06,-79.12,2021-05-13,2021,5,13
"3302147541","Galax urceolata","HUMAN_OBSERVATION",270,NA,35.26,-82.28,2021-05-30,2021,5,30
"3302166337","Galax urceolata","HUMAN_OBSERVATION",5,NA,35.44,-84.19,2021-05-25,2021,5,25
"3302175716","Galax urceolata","HUMAN_OBSERVATION",440,NA,36.03,-81.83,2021-05-22,2021,5,22
"3302187784","Galax urceolata","HUMAN_OBSERVATION",NA,NA,36.38,-81.04,2021-05-26,2021,5,26
"3302190759","Galax urceolata","HUMAN_OBSERVATION",4,NA,35.05,-83.2,2021-05-25,2021,5,25
"3302202594","Galax urceolata","HUMAN_OBSERVATION",4,NA,37.28,-80.47,2021-05-05,2021,5,5
"3302205625","Galax urceolata","HUMAN_OBSERVATION",1186,NA,35.09,-83.27,2021-05-14,2021,5,14
"3302210659","Galax urceolata","HUMAN_OBSERVATION",10,NA,35.06,-84.46,2021-05-22,2021,5,22
"3302235582","Galax urceolata","HUMAN_OBSERVATION",NA,NA,36.66,-81.69,2021-05-03,2021,5,3
"3302266909","Galax urceolata","HUMAN_OBSERVATION",1414,NA,37.47,-80.11,2021-05-31,2021,5,31
"3302271304","Galax urceolata","HUMAN_OBSERVATION",31,NA,33.53,-84.92,2021-05-18,2021,5,18
"3302274719","Galax urceolata","HUMAN_OBSERVATION",419,NA,35.68,-81.58,2021-05-22,2021,5,22
"3302275203","Galax urceolata","HUMAN_OBSERVATION",4,NA,38.06,-81.08,2021-05-29,2021,5,29
"3302321981","Galax urceolata","HUMAN_OBSERVATION",65,NA,34.48,-84.31,2021-05-30,2021,5,30
"3302332920","Galax urceolata","HUMAN_OBSERVATION",50,NA,35,-83.11,2021-05-31,2021,5,31
"3302337921","Galax urceolata","HUMAN_OBSERVATION",9,NA,37.34,-80.33,2021-05-31,2021,5,31
"3302355712","Galax urceolata","HUMAN_OBSERVATION",NA,NA,34.67,-84.18,2021-05-13,2021,5,13
"3302360660","Galax urceolata","HUMAN_OBSERVATION",10,NA,35.7,-83.64,2021-05-13,2021,5,13
"3302363317","Galax urceolata","HUMAN_OBSERVATION",28649,"Coordinate uncertainty increased to 28649m at the request of the observer",35.71,-83.37,2021-05-25,2021,5,25
"3302378640","Galax urceolata","HUMAN_OBSERVATION",4,NA,35.49,-82.34,2021-05-13,2021,5,13
"3302388807","Galax urceolata","HUMAN_OBSERVATION",28818,"Coordinate uncertainty increased to 28818m at the request of the observer",34.6,-83.58,2021-05-25,2021,5,25
"3302391385","Galax urceolata","HUMAN_OBSERVATION",96515,NA,35.61,-83.55,2021-05-17,2021,5,17
"3302433050","Galax urceolata","HUMAN_OBSERVATION",10,NA,35.67,-83.58,2021-05-24,2021,5,24
"3302441646","Galax urceolata","HUMAN_OBSERVATION",1554,NA,34.73,-83.92,2021-05-15,2021,5,15
"3302481661","Galax urceolata","HUMAN_OBSERVATION",100,NA,35.09,-82.95,2021-05-19,2021,5,19
"3302485680","Galax urceolata","HUMAN_OBSERVATION",20,NA,34.99,-76.95,2021-05-17,2021,5,17
"3302495006","Galax urceolata","HUMAN_OBSERVATION",28534,"Coordinate uncertainty increased to 28534m to protect threatened taxon",36.46,-80.96,2021-05-28,2021,5,28
"3302509702","Galax urceolata","HUMAN_OBSERVATION",6266,NA,35.35,-83.67,2021-05-17,2021,5,17
"3302529039","Galax urceolata","HUMAN_OBSERVATION",28534,"Coordinate uncertainty increased to 28534m at the request of the observer",36.42,-80.94,2021-05-31,2021,5,31
"3307384345","Galax urceolata","HUMAN_OBSERVATION",NA,NA,35.65,-82.3,2021-05-29,2021,5,29
"3307453049","Galax urceolata","HUMAN_OBSERVATION",31,NA,35.98,-82.76,2021-05-31,2021,5,31
"3314214859","Galax urceolata","HUMAN_OBSERVATION",34670,NA,34.42,-84.11,2021-05-25,2021,5,25
"3325498456","Galax urceolata","HUMAN_OBSERVATION",10,NA,35.48,-82.62,2021-05-30,2021,5,30
"3327772419","Galax urceolata","HUMAN_OBSERVATION",8,NA,35.48,-82.41,2021-05-02,2021,5,2
"3330442868","Galax urceolata","HUMAN_OBSERVATION",11,NA,35.66,-83.58,2021-05-20,2021,5,20
"3330449868","Galax urceolata","HUMAN_OBSERVATION",124,NA,35.59,-83.86,2021-05-21,2021,5,21
"3383834713","Galax urceolata","HUMAN_OBSERVATION",28534,"Coordinate uncertainty increased to 28534m to protect threatened taxon",36.54,-81.1,2021-05-19,2021,5,19
"3383851685","Galax urceolata","HUMAN_OBSERVATION",502,NA,35.28,-82.33,2021-05-09,2021,5,9
"3383868723","Galax urceolata","HUMAN_OBSERVATION",195,NA,36.28,-82.35,2021-05-31,2021,5,31
"3383919724","Galax urceolata","HUMAN_OBSERVATION",4,NA,35.03,-83.24,2021-05-27,2021,5,27
"3383926728","Galax urceolata","HUMAN_OBSERVATION",26,NA,35.64,-83.69,2021-05-25,2021,5,25
"3383937724","Galax urceolata","HUMAN_OBSERVATION",9,NA,36.79,-80.11,2021-05-30,2021,5,30
"3384280756","Galax urceolata","HUMAN_OBSERVATION",4,NA,35.1,-82.95,2021-05-29,2021,5,29
"3384310721","Galax urceolata","HUMAN_OBSERVATION",3,NA,35.27,-82.34,2021-05-29,2021,5,29
"3384352830","Galax urceolata","HUMAN_OBSERVATION",14,NA,35.69,-83.65,2021-05-16,2021,5,16
"3384623700","Galax urceolata","HUMAN_OBSERVATION",4,NA,35.7,-83.33,2021-05-31,2021,5,31
"3415396661","Galax urceolata","HUMAN_OBSERVATION",23,NA,38.05,-81.08,2021-05-30,2021,5,30
"3415399634","Galax urceolata","HUMAN_OBSERVATION",1,NA,37.67,-79.92,2021-05-31,2021,5,31
"3415497541","Galax urceolata","HUMAN_OBSERVATION",5005,NA,35.49,-82.27,2021-05-01,2021,5,1
"3415758404","Galax urceolata","HUMAN_OBSERVATION",15,NA,35.47,-83.88,2021-05-29,2021,5,29
"3415772638","Galax urceolata","HUMAN_OBSERVATION",NA,NA,35.58,-83.32,2021-05-29,2021,5,29
"3415845641","Galax urceolata","HUMAN_OBSERVATION",8,NA,35.02,-83.21,2021-05-30,2021,5,30
"3415891615","Galax urceolata","HUMAN_OBSERVATION",28563,"Coordinate uncertainty increased to 28563m to protect threatened taxon",36.35,-81.34,2021-05-30,2021,5,30
"3455598174","Galax urceolata","HUMAN_OBSERVATION",20,NA,34.95,-82.94,2021-05-16,2021,5,16
"3455616085","Galax urceolata","HUMAN_OBSERVATION",28563,"Coordinate uncertainty increased to 28563m at the request of the observer",36.26,-81.31,2021-05-15,2021,5,15
"3499615436","Galax urceolata","HUMAN_OBSERVATION",11,NA,35.72,-78.78,2021-05-13,2021,5,13
"3705505764","Galax urceolata","HUMAN_OBSERVATION",NA,NA,34.77,-83.92,2021-05-29,2021,5,29
"3301879134","Galax urceolata","HUMAN_OBSERVATION",28649,"Coordinate uncertainty increased to 28649m to protect threatened taxon",35.65,-82.49,2021-06-09,2021,6,9
"3301912161","Galax urceolata","HUMAN_OBSERVATION",1500,NA,35.4,-83.29,2021-06-06,2021,6,6
"3301972230","Galax urceolata","HUMAN_OBSERVATION",26,NA,35,-82.77,2021-06-01,2021,6,1
"3302042341","Galax urceolata","HUMAN_OBSERVATION",716,NA,35.66,-82.3,2021-06-06,2021,6,6
"3302142883","Galax urceolata","HUMAN_OBSERVATION",33,NA,34.98,-83.11,2021-06-02,2021,6,2
"3302158478","Galax urceolata","HUMAN_OBSERVATION",10,NA,36.28,-82.14,2021-06-03,2021,6,3
"3302178910","Galax urceolata","HUMAN_OBSERVATION",4,NA,35.69,-83.64,2021-06-01,2021,6,1
"3302184152","Galax urceolata","HUMAN_OBSERVATION",229,NA,34.8,-83.55,2021-06-06,2021,6,6
"3302317306","Galax urceolata","HUMAN_OBSERVATION",3,NA,34.91,-83.42,2021-06-05,2021,6,5
"3302513154","Galax urceolata","HUMAN_OBSERVATION",NA,NA,35.34,-82.66,2021-06-10,2021,6,10
"3302553990","Galax urceolata","HUMAN_OBSERVATION",4,NA,35.16,-83.01,2021-06-07,2021,6,7
"3302568549","Galax urceolata","HUMAN_OBSERVATION",NA,NA,34.78,-84.71,2021-06-04,2021,6,4
"3307116680","Galax urceolata","HUMAN_OBSERVATION",28762,"Coordinate uncertainty increased to 28762m at the request of the observer",34.98,-83.49,2021-06-11,2021,6,11
"3307177215","Galax urceolata","HUMAN_OBSERVATION",8,NA,34.97,-83.3,2021-06-13,2021,6,13
"3307255656","Galax urceolata","HUMAN_OBSERVATION",NA,NA,37.25,-79.94,2021-06-09,2021,6,9
"3307375918","Galax urceolata","HUMAN_OBSERVATION",28706,"Coordinate uncertainty increased to 28706m at the request of the observer",35.25,-77.9,2021-06-15,2021,6,15
"3307392603","Galax urceolata","HUMAN_OBSERVATION",28592,"Coordinate uncertainty increased to 28592m at the request of the observer",36.14,-81.69,2021-06-15,2021,6,15
"3307393924","Galax urceolata","HUMAN_OBSERVATION",36,NA,35.79,-83.05,2021-06-13,2021,6,13
"3307406796","Galax urceolata","HUMAN_OBSERVATION",11,NA,36.58,-81.89,2021-06-14,2021,6,14
"3307472309","Galax urceolata","HUMAN_OBSERVATION",4,NA,37.22,-80.34,2021-06-13,2021,6,13
"3307506399","Galax urceolata","HUMAN_OBSERVATION",4,NA,34.66,-84.05,2021-06-13,2021,6,13
"3307548384","Galax urceolata","HUMAN_OBSERVATION",28677,"Coordinate uncertainty increased to 28677m to protect threatened taxon",35.55,-82.69,2021-06-13,2021,6,13
"3314180009","Galax urceolata","HUMAN_OBSERVATION",28620,"Coordinate uncertainty increased to 28620m to protect threatened taxon",35.98,-82.09,2021-06-19,2021,6,19
"3314206763","Galax urceolata","HUMAN_OBSERVATION",32,NA,34.9,-84.59,2021-06-18,2021,6,18
"3314264603","Galax urceolata","HUMAN_OBSERVATION",NA,NA,34.76,-84.71,2021-06-14,2021,6,14
"3314309801","Galax urceolata","HUMAN_OBSERVATION",4,NA,34.58,-84.22,2021-06-18,2021,6,18
"3314482918","Galax urceolata","HUMAN_OBSERVATION",4,NA,36.13,-82.28,2021-06-19,2021,6,19
"3314620495","Galax urceolata","HUMAN_OBSERVATION",32,NA,37.39,-80.49,2021-06-21,2021,6,21
"3320842835","Galax urceolata","HUMAN_OBSERVATION",28677,"Coordinate uncertainty increased to 28677m to protect threatened taxon",35.41,-82.69,2021-06-25,2021,6,25
"3320891031","Galax urceolata","HUMAN_OBSERVATION",28592,"Coordinate uncertainty increased to 28592m to protect threatened taxon",36.01,-82,2021-06-14,2021,6,14
"3321014373","Galax urceolata","HUMAN_OBSERVATION",NA,NA,35.03,-83.11,2021-06-29,2021,6,29
"3321082606","Galax urceolata","HUMAN_OBSERVATION",5,NA,35.64,-83.44,2021-06-19,2021,6,19
"3321099039","Galax urceolata","HUMAN_OBSERVATION",28592,"Coordinate uncertainty increased to 28592m to protect threatened taxon",36.04,-81.76,2021-06-14,2021,6,14
"3321103215","Galax urceolata","HUMAN_OBSERVATION",155,NA,36.29,-82.13,2021-06-05,2021,6,5
"1928810644","Galax urceolata","PRESERVED_SPECIMEN",NA,NA,36.61,-80.45,2011-05-10,2011,5,10
"1929259133","Galax urceolata","PRESERVED_SPECIMEN",NA,NA,36.41,-80.28,2010-05-26,2010,5,26
"1930465896","Galax urceolata","PRESERVED_SPECIMEN",NA,NA,36.82,-76.86,2008-05-25,2008,5,25
"1258089529","Galax urceolata","PRESERVED_SPECIMEN",NA,NA,34.85,-83.08,2005-06-19,2005,6,19
"1259779813","Galax urceolata","PRESERVED_SPECIMEN",NA,NA,35.06,-83.52,2004-08-09,2004,8,9
"1258480449","Galax urceolata","PRESERVED_SPECIMEN",NA,NA,35.44,-83.93,1998-06-06,1998,6,6
"1258400920","Galax urceolata","PRESERVED_SPECIMEN",NA,NA,35.42,-83.97,1997-07-20,1997,7,20
"1261098723","Galax urceolata","PRESERVED_SPECIMEN",NA,NA,35.72,-82.97,1990-06-19,1990,6,19
"1258600993","Galax urceolata","PRESERVED_SPECIMEN",NA,NA,35.87,-82.8,1976-05-08,1976,5,8
"2517410755","Galax urceolata","PRESERVED_SPECIMEN",NA,NA,37.32,-80.35,1958-08-17,1958,8,17
"122949862","Galax urceolata","PRESERVED_SPECIMEN",12241,NA,35.6,-82.55,1947-06-06,1947,6,6
"122949861","Galax urceolata","PRESERVED_SPECIMEN",301,NA,35.32,-81.98,1941-12-20,1941,12,20
"1144610734","Galax urceolata","PRESERVED_SPECIMEN",NA,NA,34.77,-80.77,NA,NA,NA,NA
"1144610743","Galax urceolata","PRESERVED_SPECIMEN",NA,NA,33.59,-80.96,NA,NA,NA,NA
